{"stats":{"minecraft:mined":{"minecraft:large_fern":2,"minecraft:tall_grass":2,"regions_unexplored:pink_bioshroom":1,"regions_unexplored:blue_bioshroom":1,"minecraft:fern":4},"minecraft:picked_up":{"regions_unexplored:pink_bioshroom":1,"regions_unexplored:blue_bioshroom":1},"minecraft:custom":{"minecraft:jump":86,"minecraft:time_since_rest":3681,"minecraft:crouch_one_cm":560,"minecraft:sprint_one_cm":9268,"minecraft:leave_game":2,"minecraft:play_time":3681,"minecraft:damage_taken":40,"minecraft:time_since_death":3681,"minecraft:walk_one_cm":6659,"minecraft:sneak_time":150,"minecraft:total_world_time":3681,"minecraft:fall_one_cm":3443,"minecraft:fly_one_cm":16571}},"DataVersion":3465}